planetID,starID,L_st,R_st,T_eff_st,d,contrast,a,S,S_abs,a_eff,R_eff,has_H2O,age,EEC,has_O2
0,0,0.668409,0.91203136,5469.6313,13.779,4.106888109588886e-09,1.6195232865316669,0.2548401752385496,60.65196170677481,1.980915966434923,8.021153202034771,,9.017768458070126,0.0,
1,0,0.668409,0.91203136,5469.6313,13.779,8.191861627481385e-10,0.46632937254275114,3.07366652141307,731.5326320963106,0.5703896371047659,1.031519052530897,0.0,8.232578489546418,0.0,
2,1,2.99538,1.28500386,6704.4496,17.99,3.170446625849456e-11,2.3352147687583966,0.5492856691644947,130.72998926114974,1.349276218347604,1.0162024338435882,1.0,9.956166221984486,1.0,0.0
6,4,0.0397541,0.47847411,3729.2254,3.563,1.0810922717229866e-08,0.4353846414145373,0.20971800424096576,49.91288500934985,2.1836455348399175,3.4986271755122456,,4.193585169076831,0.0,
7,4,0.0397541,0.47847411,3729.2254,3.563,4.14168231059995e-08,0.1073264895747826,3.4511836983959245,821.38172021823,0.5382895661376255,1.688062395174267,0.0,4.4610102734952095,0.0,
8,4,0.0397541,0.47847411,3729.2254,3.563,5.416080747382552e-10,0.880909520391165,0.051229405796286924,12.192598579516288,4.418148822499811,1.5844080776459204,0.0,5.443475953874615,0.0,
10,5,1.28056,1.0581513,5974.1822,8.535,3.7011786855192416e-10,0.44045076296989444,6.600931085283419,1571.0215982974537,0.3892220185873397,0.654878257639813,0.0,2.3892339510376526,0.0,
11,5,1.28056,1.0581513,5974.1822,8.535,4.300891574576998e-11,2.014852362552216,0.3154376104406871,75.07415128488353,1.7805052678763256,1.0212114015191418,0.0,2.8361351418226954,0.0,
14,7,0.560743,0.87614197,5340.7973,11.137,2.9813419064285997e-11,1.174139818313208,0.4067468777902466,96.80575691407869,1.5679704944752713,0.49547173869098243,,9.227013565909587,0.0,
15,8,1.03204,1.00723347,5801.7823,22.03,5.386388294926312e-10,1.4351536508466871,0.5010715325829839,119.25502475475017,1.4127006177820336,2.5741888683087395,,5.106564150451758,0.0,
19,11,0.291211,0.75428092,4886.3858,7.435,3.4561774457807993e-11,1.285671375586856,0.1761764384325459,41.92999234694592,2.3824625735015847,0.5841456805282761,0.0,2.5233660233353836,0.0,
20,11,0.291211,0.75428092,4886.3858,7.435,5.704306379772099e-10,0.5200639120581894,1.0766990716940856,256.2543790631924,0.9637243465437567,0.9599559819767909,0.0,2.409075063371709,0.0,
21,12,4.25197,1.39212488,7030.8983,23.23,9.093380135665852e-11,4.025125227814451,0.2624408276538516,62.460916981616684,1.9520201689887542,2.9664378148965493,,0.7200047063364271,0.0,
22,13,1.22036,1.04657198,5935.2608,5.838,6.431556315462573e-10,0.5754299994793975,3.685555579628922,877.1622279516835,0.5208929955848628,1.127830193346385,0.0,1.1860441384983933,0.0,
23,13,1.22036,1.04657198,5935.2608,5.838,3.279588953412265e-11,1.2759777668406196,0.7495519701038229,178.39336888470984,1.1550455865537312,0.5647366763502438,0.0,1.0521928590330887,0.0,
27,15,3.63259,1.3429212,6882.262,18.801,1.7874817433379103e-10,4.926266414720388,0.14968579666012313,35.62521960510931,2.5846973850781074,5.090165245099884,,1.4410881943156795,0.0,
28,16,2.04585,1.17775736,6366.385,15.177,1.1307188420144435e-10,3.30600402307694,0.18718327131960316,44.549618574065555,2.3113540942284825,2.7169013606929475,,1.442952041088371,0.0,
29,16,2.04585,1.17775736,6366.385,15.177,7.985103028309837e-11,1.0465585636187187,1.8678703013236435,444.5531317150272,0.7316891945638473,0.7227647721250499,0.0,1.6021621533983121,0.0,
33,19,3.51554,1.33290158,6851.7473,13.41,9.891660345667358e-11,2.290564227332578,0.6700498216944639,159.4718575632824,1.2216490230459434,1.760638727691396,1.0,3.848003532538474,1.0,0.0
34,20,0.345432,0.78430097,5000.9399,8.188,4.077870997684917e-10,1.9892147385897376,0.08729698213574696,20.776681748307777,3.384545717614973,3.10449946089745,,9.6189057011288,0.0,
35,20,0.345432,0.78430097,5000.9399,8.188,2.6387140260869234e-10,1.9631591394703714,0.08962961989788516,21.33184953569667,3.3402134669491335,2.4645909417546936,,9.686251894520657,0.0,
36,21,1.60009,1.11342725,6157.5443,17.344,6.138886036979882e-10,0.6132323867632922,4.254947878367417,1012.6775950514451,0.4847891347856402,1.174256702639172,0.0,4.941574448405449,0.0,
38,22,0.462632,0.83846015,5203.1946,7.605,1.3734542409767943e-09,2.4297994264493856,0.07836007066360601,18.64969681793823,3.572338388186978,6.959382416435322,,6.246697661528331,0.0,
39,22,0.462632,0.83846015,5203.1946,7.605,9.565753123132855e-10,1.3939409155428615,0.23809317018290052,56.66617450353032,2.049399052964175,3.331939667899077,,7.559208078746066,0.0,
41,23,0.486334,0.84809075,5238.5955,3.603,3.8070873956597016e-10,0.7698899921829753,0.8204975412909287,195.27841482724102,1.1039803872527514,1.1609627261952633,1.0,1.7993530540022542,1.0,0.0
42,24,0.551687,0.87288748,5329.0086,10.043,9.027985630383507e-10,0.3884165195818509,3.6567676433253675,870.3106991114374,0.5229393434139281,0.9019579709852791,0.0,1.9521347286485282,0.0,
43,24,0.551687,0.87288748,5329.0086,10.043,1.6835186728252191e-09,0.8093384179158499,0.8422333575555782,200.4515390982276,1.089641865181776,2.566447023120785,,1.6880511306898147,0.0,
44,25,1.61458,1.11572412,6165.0819,25.928,6.268704416751597e-10,3.682935064922856,0.11903411436413108,28.3301192186632,2.898439752448624,7.1264974959896,,0.4032463872212449,0.0,
49,29,0.450601,0.83342516,5184.622,12.834,1.468819740711486e-10,2.4261720238748463,0.07655066539537461,18.21905836409916,3.614310962440929,2.272474506915113,,0.878196675874241,0.0,
51,30,0.269375,0.74096198,4834.9694,7.235,5.693602356878911e-09,0.8119983918782494,0.4085516315734818,97.23528831448867,1.5645034507703541,4.735239114720764,,1.3391853074324718,0.0,
53,31,1.9706,1.16771738,6334.0738,21.925,7.661617928655663e-11,1.3995300868140383,1.0060834383086792,239.44785831746566,0.9969720889458591,0.9467507625306695,0.0,4.6617897621204785,0.0,
54,31,1.9706,1.16771738,6334.0738,21.925,1.2682827747290185e-09,1.50866470351161,0.8657909042119436,206.05823520244257,1.0747154456699515,4.152350027524455,,4.467513356499363,0.0,
56,32,1.78949,1.1422668,6251.74,17.327,1.726833961068728e-10,1.3409275465158168,0.9952189818896833,236.86211768974462,1.00239911515057,1.3618327750781547,0.0,2.4742997457461833,0.0,
57,33,2.40544,1.22216717,6507.8224,11.149,1.77247067039416e-10,1.0438676563085465,2.2075149109116103,525.3885487969633,0.6730513150235571,1.0740590260302705,0.0,3.1973045074441613,0.0,
58,34,2.71765,1.25673363,6616.5124,14.135,1.3523924957648646e-10,2.492811865658103,0.43733528433343843,104.08579767135835,1.5121425743455887,2.240443820131608,,4.9358159893560725,0.0,
59,35,0.918024,0.98064012,5710.3279,21.207,7.575602353732066e-09,2.1693321078337098,0.19507514875051407,46.42788540262235,2.26411783947584,14.592436372145988,,5.711183360472692,0.0,
61,37,5.03033,1.44665576,7193.1462,13.95,1.1187372232949953e-10,1.2241306631876858,3.3569194718990265,798.9468343119684,0.5457949818888277,1.0006564518142256,0.0,8.508164381798105,0.0,
62,37,5.03033,1.44665576,7193.1462,13.95,7.0919525301428e-11,2.79109306568399,0.6457253570244542,153.6826349718201,1.2444460669485418,1.8165627596914233,1.0,9.107081352004151,1.0,0.0
63,38,0.785748,0.94637805,5591.0176,12.039,3.514927339510019e-11,1.3639133537135255,0.42238620061902077,100.52791574732694,1.538668770823554,0.6249397312197055,0.0,5.913107348902598,0.0,
64,39,1.01529,1.0034705,5788.9206,12.046,1.672899824039709e-10,3.655270610324393,0.07598905427723301,18.085394917981457,3.6276424913315974,3.6538244808659543,,0.9053093896881632,0.0,
65,39,1.01529,1.0034705,5788.9206,12.046,6.703214743628652e-11,2.0803978404258774,0.23458342351870237,55.83085479745117,2.064673292173473,1.3163795883852234,0.0,0.7728750272674391,0.0,
66,40,0.871993,0.96917712,5670.6004,9.146,3.5862868532738012e-09,0.24340473058677417,14.718209132739524,3502.9337735920067,0.26065887421682554,1.1265350423178462,0.0,9.911196224084259,0.0,
68,41,0.657534,0.90861771,5457.4696,6.004,4.059569078711785e-11,2.079591780538556,0.15204145950430703,36.18586736202507,2.564596144569916,1.0240266027560705,0.0,9.841372469634257,0.0,
70,42,0.346181,0.78468944,5002.4099,3.203,2.9965988523639186e-09,1.5568450904101372,0.14282769426921701,33.99299123607365,2.6460240509726902,6.586472529438325,,0.6632625859195104,0.0,
73,44,3.41736,1.3243026,6825.4523,9.073,7.256359928320834e-10,1.2247586796400207,2.2781886293469986,542.2088937845857,0.6625294076500408,2.5497823647105844,,6.37159162240863,0.0,
74,45,0.302539,0.76088965,4911.757,13.955,2.6223621857458327e-10,1.7930791889826743,0.09409844074060683,22.395428896264427,3.2599338422456987,2.244083362303507,,8.817694157362913,0.0,
75,45,0.302539,0.76088965,4911.757,13.955,1.1640921726975344e-09,0.7876145935460487,0.48770123806406646,116.07289465924782,1.43193423019097,2.0768284190307025,,7.933629256042008,0.0,
76,46,5.28689,1.46319811,7241.8724,17.638,2.3964182514820028e-11,2.2704022641146477,1.0256392964046575,244.10215254430847,0.987421715306127,0.8589686221007106,0.0,1.7509598357373837,0.0,
78,48,1.38649,1.07755034,6038.9686,23.549,2.2842209946749888e-10,0.7388563640485342,2.5397835429265507,604.4684832165191,0.6274825425256794,0.8630227750221094,0.0,4.057327154057399,0.0,
81,50,0.420357,0.82029485,5135.9637,5.036,7.368719509195166e-09,0.2427345711331165,7.134359914472607,1697.9776596444804,0.3743884934623925,1.6103520340554793,0.0,5.824993627150306,0.0,
86,54,0.317315,0.76922804,4943.6471,8.848,1.6308026060791118e-09,1.9403302320713955,0.08428286723723508,20.059322402461948,3.444532995277124,6.0557721699163105,,0.40863270756230774,0.0,
88,56,4.73108,1.4265168,7133.5218,25.121,3.152954758036366e-09,1.0951889054684951,3.9444115380836053,938.769946063898,0.503510915241644,4.75270746913422,,6.268261402950816,0.0,
92,57,0.0215138,0.41582123,3431.06,3.933,1.2423661103946057e-08,0.2470314839493956,0.352543338179211,83.90531448665222,1.684200313151919,2.127993437180001,,9.431031971044092,0.0,
93,57,0.0215138,0.41582123,3431.06,3.933,1.589430211209103e-07,0.09232087618941388,2.5241623917991816,600.7506492482053,0.6294211818786705,2.844551679371888,,9.043552689641864,0.0,
94,57,0.0215138,0.41582123,3431.06,3.933,8.857259528090753e-10,1.4090689771943303,0.01083559141035704,2.5788707556649757,9.606688081627222,3.240970794049959,,7.786909670120739,0.0,
95,58,3.43668,1.32601009,6830.6766,20.965,1.1910144751164207e-10,2.475858919389067,0.5606441666068173,133.4333116524225,1.3355382971402834,2.088226451760396,,4.758486027628515,0.0,
96,58,3.43668,1.32601009,6830.6766,20.965,1.247311487397039e-10,5.04392114189537,0.13508356678967362,32.14988889594232,2.720813290290002,4.353604046327323,,3.9683811317423965,0.0,
97,59,1.82145,1.146892,6266.794,14.585,1.6993345584414103e-10,3.345906205168463,0.16270081536589412,38.7227940570828,2.4791633060272744,3.370904012718304,,5.279434610648169,0.0,
100,61,0.0659411,0.53714675,3994.3392,5.7,1.5382085920801224e-08,0.17633497424342479,2.120700164789577,504.7266392199193,0.6866894338774412,1.690204501924112,0.0,4.241127135117201,0.0,
101,61,0.0659411,0.53714675,3994.3392,5.7,2.5852250146603616e-10,1.6167176536368673,0.025228290686332852,6.004333183347219,6.295874854542431,2.0089842607194743,,4.5855730969819675,0.0,
102,61,0.0659411,0.53714675,3994.3392,5.7,7.074045150281001e-11,1.9366716882451345,0.017581024537743996,4.184283839983071,7.541850338615449,1.258876412888168,0.0,4.235938680704254,0.0,
104,62,1.60256,1.11381664,6158.8424,18.28,2.1475564587777256e-09,1.185070030061489,1.1411067339618852,271.5834026829287,0.9361315145606549,4.244333380365773,,5.046744155074065,0.0,
105,63,2.41225,1.2229584,6510.3165,8.88,4.157819115392452e-11,1.0530767769511702,2.1752152730597314,517.701234988216,0.6780299500643872,0.5247905551815154,0.0,2.5830918357627426,0.0,
106,64,0.841137,0.96122864,5642.9435,15.255,6.520187204113017e-10,2.1343389636677217,0.1846460202850997,43.945752827853724,2.3271802587556745,4.211982947972459,,2.2446455109927514,0.0,
107,64,0.841137,0.96122864,5642.9435,15.255,1.7280316027534025e-10,0.7449090935359007,1.5158638118706758,360.7755872252208,0.8122129458131436,0.7567846163717259,0.0,3.041970256735891,0.0,
109,66,0.897038,0.97546992,5692.4357,10.215,2.421755364892013e-10,2.8341064979613177,0.1116807981919636,26.580029969687335,2.992338672627867,3.408587759075506,,0.22171029304361162,0.0,
110,66,0.897038,0.97546992,5692.4357,10.215,6.465541164728544e-11,1.1137054873205063,0.723219490857768,172.1262388241488,1.1758852400304194,0.692095425926659,0.0,0.20942004780563517,0.0,
111,67,0.831371,0.95866579,5634.0082,18.645,4.781204522136233e-11,2.438371896223878,0.13982826952267555,33.27912814639678,2.674253103706342,1.3030521103487378,0.0,3.296750748675908,0.0,
112,68,0.733085,0.93149014,5538.6232,16.733,4.594553370718939e-10,3.110745825222975,0.07575743805512361,18.03027025711942,3.6331837268873253,5.153227980991866,,2.376435630104174,0.0,
114,69,3.00617,1.2860557,6707.7345,20.881,3.892623003763903e-10,4.759985983989312,0.13267899970227126,31.57760192914056,2.7453574966444148,7.258051163193425,,2.981785964734552,0.0,
115,70,3.04825,1.29014829,6720.4011,19.534,6.795469726301879e-11,1.769246102911901,0.9738096797225182,231.76670377395934,1.0133581307284256,1.12717453231253,1.0,1.0285126511613012,1.0,0.0
116,71,1.22528,1.04753682,5938.4972,23.89,3.624960475224432e-11,3.175156480255461,0.12153603896433625,28.925577273512026,2.8684511686115335,1.4774403308229034,0.0,8.27488758589207,0.0,
117,71,1.22528,1.04753682,5938.4972,23.89,2.473573758952498e-09,0.6441034060867549,2.9534128026295736,702.9122470258385,0.5818860202277565,2.475775194084457,,9.637651050206978,0.0,
118,72,1.87637,1.15470865,6292.1024,18.205,7.072729643209563e-11,5.095578499861159,0.07226557917606774,17.199207843904123,3.7199256192125287,3.3119227939148046,,4.857847220418083,0.0,
119,72,1.87637,1.15470865,6292.1024,18.205,9.420256782209952e-10,1.2940242195761433,1.1205562724289058,266.69239283807957,0.9446766145225617,3.069495170616399,,6.060032361034107,0.0,
123,75,0.619009,0.89616522,5412.9319,18.36,2.0805584080603593e-09,0.5479029955085184,2.062004523990064,490.75707670963527,0.6963942765216206,1.9314648543436208,0.0,6.284017830993451,0.0,
124,76,0.462853,0.83855211,5203.5306,14.673,8.390981537329693e-10,3.5849853929707933,0.036013746397871804,8.571271642693489,5.2694568067205125,8.025774481223175,,0.9614409304828838,0.0,
125,76,0.462853,0.83855211,5203.5306,14.673,1.3038109386346932e-09,3.8709924942939358,0.030888614209055136,7.351490181755122,5.689849612167548,10.802463768690362,,0.8738776500831549,0.0,
126,77,1.3269,1.06678748,6003.0638,18.951,2.7141098673953492e-11,2.1433767311370198,0.2888292488788397,68.74136123316384,1.860713097315645,0.8629892831723255,0.0,4.552027942849868,0.0,
127,77,1.3269,1.06678748,6003.0638,18.951,7.755666200124161e-10,2.2545238204206624,0.2610529093127605,62.130592416437,1.9572023620138181,4.852410811698334,,5.886476288503221,0.0,
128,78,1.53004,1.10208907,6120.2578,17.053,3.6843562495327223e-10,1.1880508980950553,1.0840085080912796,257.99402492572455,0.9604696687378602,1.762418464537812,0.0,6.015534497757694,0.0,
129,78,1.53004,1.10208907,6120.2578,17.053,1.6635288009762355e-08,0.6052793267159509,4.176294373157067,993.9580608113821,0.4893329362882487,6.033428660235685,,5.163789297802588,0.0,
130,79,0.522519,0.86211707,5289.8672,17.053,4.313176158684446e-09,0.5949364783851152,1.4762533298438196,351.34829250282905,0.8230373701812763,3.0196901012987913,,6.472376039663859,0.0,
132,80,5.60977,1.48315999,7300.3659,20.858,4.4049132069809916e-11,2.8050005153652497,0.7129829834836678,169.68995006911294,1.1842964230900646,1.4387813581468094,0.0,4.894354101626837,0.0,
133,81,1.49658,1.09653413,6101.9167,16.867,8.075844696760438e-11,3.4674725983072436,0.12447262876423952,29.624485645889006,2.834412595240972,2.4082423867666267,,1.3316456482186867,0.0,
134,82,0.00973057,0.34685308,3080.8046,3.803,5.343147435852264e-10,1.4509272035708185,0.0046221819195700455,1.100079296857671,14.708774260786239,2.5920142295751525,,3.1077292403168233,0.0,
136,82,0.00973057,0.34685308,3080.8046,3.803,8.28008543263688e-10,0.7166775479259085,0.018944828713351763,4.50886923377772,7.2653185109996326,1.5938020715334984,0.0,3.169747488922162,0.0,
138,82,0.00973057,0.34685308,3080.8046,3.803,4.250196451532258e-10,0.6843336844391446,0.020777938012618968,4.9451492470033145,6.93743260081911,1.0903491732564308,0.0,2.889090753763532,0.0,
139,83,5.69242,1.48812365,7314.8781,18.047,9.224571201571462e-11,1.5736221671831787,2.2987725704035378,547.107871756042,0.6595564880025474,1.1680642644263932,0.0,3.6467061594762975,0.0,
141,84,0.907459,0.97804904,5701.3645,21.77,5.890156287817177e-11,0.7379549477486843,1.6663541769970194,396.5922941252906,0.7746692954915562,0.43770996810700313,,6.345952154354329,0.0,
145,86,4.64849,1.42078223,7116.5021,22.473,4.694961469104106e-10,2.783824684587992,0.5998299381736795,142.7595252853357,1.291177445032348,4.661772511007149,,3.391374745292982,0.0,
148,89,1.31739,1.06503172,5997.2159,16.199,2.2678940607700315e-10,2.254332356921026,0.25922594913566516,61.69577589428831,1.9640871910092172,2.6237503250622805,,2.333200245066053,0.0,
155,95,1.26322,1.05486083,5963.1335,21.988,1.1653763179172517e-10,0.9090750684365635,1.5285494686282224,363.79477353351695,0.8088355865918886,0.7584483667575374,0.0,3.0652532168098854,0.0,
156,96,0.403771,0.81278121,5107.9815,12.182,1.816499385301322e-08,0.6663520388341756,0.9093428611831768,216.42360096159607,1.0486635411020235,6.940880023008789,,1.7785233247343177,0.0,
157,96,0.403771,0.81278121,5107.9815,12.182,3.5880513892224755e-10,2.698832623728027,0.055434893924017785,13.193504753916233,4.24725552125848,3.9509220154687195,,1.9487293005499011,0.0,
158,97,2.54246,1.23774017,6556.9392,26.28,8.638259543238148e-11,5.518284719325388,0.08349220295884285,19.8711443042046,3.4608042858407515,3.9637879008980605,,8.839950343796886,0.0,
159,98,1.02844,1.00642685,5799.0386,14.451,2.3318976679265003e-11,5.028306785502619,0.04067573656339833,9.680825302088802,4.958294142846019,1.876591262388685,0.0,0.8241402766300305,0.0,
160,98,1.02844,1.00642685,5799.0386,14.451,1.6816232213011947e-10,3.1164047611546994,0.10589397265114381,25.202765490972226,3.0730128715537863,3.1232833503518203,,0.8292412940967567,0.0,
161,99,0.310715,0.76554066,4929.5672,11.186,8.244809035372738e-10,0.6223853670048483,0.8021276239364779,190.90637449688174,1.1165502252572306,1.3811563765702273,1.0,5.366754775060001,1.0,1.0
163,100,0.675383,0.91419763,5477.3419,12.59,1.661907127538901e-09,2.9179623691383876,0.0793214694885873,18.87850973828378,3.550623510095263,9.193401789337646,,4.322295417340249,0.0,
165,101,0.998169,0.99958078,5775.5645,16.85,2.3188236952539764e-09,1.0206334159269612,0.9582184120608728,228.05598207048772,1.0215690909311783,3.7983661499195835,,9.121795881403145,0.0,
170,106,0.0861526,0.57099528,4141.9343,6.334,6.908304645279013e-10,0.6837074656930064,0.18430102229931639,43.8636433072373,2.3293573956849056,1.3888304878332947,0.0,8.196046952638742,0.0,
174,108,0.254269,0.73125244,4797.2468,12.783,2.130639481698311e-09,1.326597209640647,0.14448250279580924,34.3868356654026,2.6308274943576326,4.732463179336191,,1.4939268355620898,0.0,
175,108,0.254269,0.73125244,4797.2468,12.783,2.7169643062015597e-11,1.9931099013919122,0.06400750837994235,15.233786994426278,3.9526152246910407,0.8029091220774887,0.0,1.6586941576027507,0.0,
176,108,0.254269,0.73125244,4797.2468,12.783,1.0981061611509214e-09,1.4123644623023266,0.12746761274559618,30.33729183345189,2.8009159317356866,3.6171133994670956,,1.7035922035915603,0.0,
178,109,8.68944,1.63917919,7747.0632,13.902,2.1325922090137004e-10,1.2966258539878457,5.168475178341951,1230.0970924453843,0.4398643679436682,1.4633956678333435,0.0,6.948093862398016,0.0,
179,110,0.833802,0.95930606,5636.2404,11.204,1.2246158674259062e-10,0.569768617743899,2.568419049584905,611.2837338012074,0.6239748119396087,0.48729465213462003,,10.827250833588286,0.0,
181,111,1.99778,1.17137916,6345.8607,14.822,5.402295205600725e-10,0.4532652277293501,9.723953071235822,2314.3008309541256,0.3206849457653083,0.8142068250577248,0.0,5.709621573686986,0.0,
182,111,1.99778,1.17137916,6345.8607,14.822,4.69498675638314e-11,5.124348078719417,0.07607998472592459,18.107036364770053,3.6254739723558336,2.713619721621546,,5.932010603264336,0.0,
184,113,0.170533,0.66744182,4544.0988,11.285,2.2109895999000744e-10,2.7709935578087275,0.022209429353430524,5.2858441861164644,6.710135652964279,3.184359156785267,,2.804188657472313,0.0,
186,114,1.42572,1.08444675,6061.8727,14.926,2.789074297678307e-11,4.080192172460322,0.08563927957679131,20.382148539276333,3.4171457061353627,1.6653435490067183,0.0,7.958667361522338,0.0,
187,115,0.107013,0.60000814,4265.6275,4.869,5.269161228130324e-09,0.9384204501824506,0.12151827961320516,28.92135054794283,2.868660766585492,5.264551592603637,,1.5956923773822724,0.0,
190,116,1.22747,1.04796381,5939.9385,22.442,2.0864929955001942e-10,1.4369471506067004,0.5944691139439876,141.48364911866906,1.296986191256986,1.6041406343809004,0.0,3.0229267538536178,0.0,
191,117,1.98681,1.16990248,6341.1295,22.332,1.3081741350880807e-10,4.8619684725180665,0.08404890515289665,20.0036394263894,3.449323837403208,4.297719791318941,,4.103968470853359,0.0,
192,117,1.98681,1.16990248,6341.1295,22.332,3.5940475391493503e-10,1.7424540823861834,0.654385477509633,155.74374364729266,1.2361841579039283,2.55297422341574,,4.225007733704106,0.0,
193,118,0.786748,0.946653,5591.9834,20.25,3.952327766219819e-10,2.0988076137754197,0.17860367283728482,42.50767413527379,2.3662182913620744,3.224722045833794,,4.218957934081753,0.0,
194,119,5.36088,1.46785153,7255.5498,16.143,4.333246230037153e-11,4.416799667914864,0.2748025022696959,65.40299554018762,1.9076102991665131,2.247023241033073,,2.162243869825597,0.0,
195,120,1.24658,1.05167049,5952.4062,22.924,9.729053233471697e-11,1.4298215959760916,0.6097565162202125,145.12205086041058,1.2806244078475506,1.0899593999617774,1.0,1.0803468207835623,1.0,0.0
196,121,0.0261233,0.43468779,3522.6594,7.033,6.178755206211422e-10,1.1650393104870507,0.019246283510135808,4.580615475412323,7.208195558158379,2.238124560820814,,7.268703912085433,0.0,
197,121,0.0261233,0.43468779,3522.6594,7.033,3.617120742308859e-09,0.9358292046504115,0.029828735936047505,7.099239152779306,5.790053481831386,4.349819904158066,,5.8398501331415416,0.0,
198,121,0.0261233,0.43468779,3522.6594,7.033,1.3007199830551165e-09,2.2393838659172913,0.00520919899431496,1.2397893606469605,13.855255088833308,6.241854344813045,,6.078703238771256,0.0,
200,122,1.68338,1.12641429,6200.102,12.914,1.6391698395347644e-09,0.6450251487424236,4.046027850971056,962.9546285311113,0.49714785052906213,2.0182817993139843,,2.6393410788529863,0.0,
201,122,1.68338,1.12641429,6200.102,12.914,3.3271968865287245e-10,4.318055526143695,0.09028294512296108,21.487340939264737,3.3281059311762093,6.087243184380976,,2.9675124833801956,0.0,
203,123,3.38269,1.32121429,6816.0267,22.73,1.9052724544449472e-10,1.4736607149049623,1.5576403439692377,370.7184018646786,0.8012469814513917,1.5720604052852973,0.0,5.474791662959979,0.0,
205,125,1.63304,1.11862659,6174.6025,13.802,6.966533116085467e-11,0.6528778373956434,3.831183644275958,911.821707337678,0.5108971911663943,0.42114675448272415,,4.418357597814156,0.0,
207,126,0.0191501,0.40490525,3377.2905,6.751,1.9721654833905763e-10,0.6384125936379665,0.04698596545954562,11.182659779371859,4.613344880671009,0.6928932032710267,0.0,5.348025200807283,0.0,
208,126,0.0191501,0.40490525,3377.2905,6.751,2.622679134706734e-10,0.4218099565943306,0.10763100426531799,25.616179015145683,3.048114688310856,0.5279375909434225,0.0,3.9718855296896782,0.0,
209,126,0.0191501,0.40490525,3377.2905,6.751,8.252140474235831e-10,0.9537664283175766,0.021051690815170058,5.010302414010474,6.8921783706697415,2.1174760978472746,,4.034620478974739,0.0,
210,127,0.0242079,0.4271876,3486.4411,2.547,1.5998693132242683e-07,0.05850669653671776,7.0720604164892,1683.1503791244297,0.3760339172617161,1.8085936861724987,0.0,0.47805443359963906,0.0,
214,128,0.0238218,0.42562043,3478.8426,4.848,7.271465128616422e-10,0.8063904678777792,0.03663395462994271,8.718881201926365,5.224660780007522,1.680542605522501,0.0,2.7634988124952735,0.0,
215,128,0.0238218,0.42562043,3478.8426,4.848,8.013378541653087e-09,0.3191839652605453,0.23382580742974762,55.650542168279934,2.0680154482639654,2.20821865283068,,2.949631441064147,0.0,
216,128,0.0238218,0.42562043,3478.8426,4.848,7.318086881525027e-10,1.3966045850040476,0.012213148765423459,2.906729406170783,9.048699719445677,2.919882821597757,,3.2261586705565426,0.0,
217,128,0.0238218,0.42562043,3478.8426,4.848,8.854276074504751e-09,1.0291802196124045,0.022490116897581326,5.352647821624355,6.668131312513781,7.4844715031328235,,3.6524568884181847,0.0,
218,128,0.0238218,0.42562043,3478.8426,4.848,2.4705823803598454e-08,0.1495076828155349,1.0657308880554595,253.64395135719934,0.9686708335874344,1.8161694219395286,0.0,3.4271674824953693,0.0,
221,130,0.342248,0.78264284,4994.6584,12.117,1.2462563942116962e-09,3.203542840360929,0.03334877201294772,7.937007739081557,5.475957598529605,8.74032164153433,,0.6357624050466949,0.0,
223,132,0.81437,0.95414934,5618.2315,18.209,2.580211791412632e-10,1.8426619608268882,0.2398448654150894,57.08307796879128,2.0419014955421924,2.287528572208565,,3.0484291812047335,0.0,
224,132,0.81437,0.95414934,5618.2315,18.209,9.316584970686315e-11,0.9008378992935162,1.003525628767718,238.83909964671685,0.9982418332351548,0.6719983438749465,1.0,3.703516362735226,1.0,1.0
226,134,0.367746,0.79560314,5043.6055,9.544,3.266668121327282e-11,3.4669454472766668,0.030595245436960135,7.281668413996512,5.717063674613067,1.531414286131694,0.0,2.4799247627183147,0.0,
229,135,0.641985,0.90366107,5439.7733,9.579,7.908954365100333e-10,0.7038868677372903,1.2957438475474379,308.3870357162902,0.8784972822819948,1.5298736921667568,0.0,5.8889497911674304,0.0,
230,136,0.853493,0.96443809,5654.1221,9.292,1.5614937751436843e-10,3.061819298271346,0.09104180332668085,21.667949191750044,3.3142065725677354,2.9569423924316367,,7.828663213252616,0.0,
233,138,0.00482858,0.29551984,2801.3276,3.375,5.006020730542767e-10,0.9563161412652683,0.005279787688372742,1.2565894698327125,13.762323762064941,1.6536400686304515,,4.146869420843945,0.0,
234,138,0.00482858,0.29551984,2801.3276,3.375,1.607164717778283e-08,0.4117139743462361,0.02848578651442325,6.779617190432734,5.924966407889684,4.0338429135270095,,4.5279570204505015,0.0,
238,139,3.83474,1.35964587,6933.0358,11.12,1.230451280158353e-10,1.4995598945610116,1.7053294417678833,405.86840714075623,0.7657656036512918,1.2855506934615515,0.0,4.126061159445585,0.0,
239,140,0.215218,0.70390692,4689.9088,9.178,1.036451780287814e-08,0.7683044653465534,0.3645959806545052,86.77384339577225,1.656128617289474,6.0450665614044565,,3.8886879298794295,0.0,
240,140,0.215218,0.70390692,4689.9088,9.178,9.076601356844907e-09,0.3704108983466326,1.5685959123210564,373.3258271324114,0.7984439978896349,2.727335503161462,,3.4830390163432705,0.0,
243,142,4.44102,1.4060347,7072.5338,14.953,7.733694794782954e-11,4.452518942607941,0.2240119453022646,53.31484298193897,2.112829301892318,3.0261640607403124,,8.747176367347496,0.0,
244,143,1.49572,1.09639341,6101.4314,22.351,3.158508063459795e-10,4.600212973269286,0.07067965549730386,16.82175800835832,3.761428302026074,6.318472684926739,,12.012613317667372,0.0,
245,143,1.49572,1.09639341,6101.4314,22.351,4.477515961985144e-10,4.387132391172391,0.07771213133726981,18.495487258270217,3.5871999919959303,7.174514054833927,,8.570038647476938,0.0,
246,144,5.03927,1.44723929,7194.8891,17.961,5.25237891522426e-10,2.3242447426511768,0.9328330262904909,222.01426025713684,1.0353758793428645,4.116736413474113,,1.1685723246227666,0.0,
247,145,1.29453,1.0607771,5982.9907,8.611,1.0368645081170285e-10,3.071732178641976,0.1371972558210667,32.652946885413876,2.6997732354080495,2.4173388435949787,,7.113232313983862,0.0,
249,146,1.10675,1.02345165,5857.079,17.565,6.170639121181507e-11,3.5353362613480077,0.08854990001481935,21.074876203527005,3.3605159607936232,2.1462928600114113,,9.198346342155677,0.0,
250,147,0.815424,0.95443183,5619.2167,17.1,1.4943957745194108e-09,0.44163680872075406,4.180738113813118,995.015671087522,0.48907280916158774,1.3194448957512557,0.0,1.7715678933660626,0.0,
251,147,0.815424,0.95443183,5619.2167,17.1,1.2967108790368816e-08,1.1265357886622978,0.6425301379720705,152.92217283735278,1.247536464132237,9.914247340505488,,2.052679215970868,0.0,
254,148,0.0187608,0.40300869,3367.8908,7.528,5.623555651881113e-11,0.9265983871830421,0.021850846883148447,5.20050155818933,6.764969814610222,0.5370196999535191,0.0,0.7025466358172399,0.0,
255,148,0.0187608,0.40300869,3367.8908,7.528,2.25260479291138e-09,0.21310757292318652,0.41309847125002347,98.31743615750558,1.555869638919859,0.7816900137961655,0.0,0.6831735591987355,0.0,
256,148,0.0187608,0.40300869,3367.8908,7.528,1.2676939971621143e-10,1.1179169432680445,0.01501178296240677,3.5728043450528113,8.161760781217184,0.9727694752024866,0.0,0.6318722115622954,0.0,
257,149,0.00559095,0.30558983,2857.619,4.616,2.491821810723766e-08,0.9427364241012698,0.006290787776701393,1.4972074908549315,12.608037238805082,11.501168267883028,,8.100379250874758,0.0,
258,149,0.00559095,0.30558983,2857.619,4.616,1.2898264913844973e-08,0.367469834646024,0.04140399242833187,9.854150197942985,4.914494911736779,3.2253772560667575,,8.668172087246456,0.0,
260,149,0.00559095,0.30558983,2857.619,4.616,1.0740418215314027e-10,1.269868864135995,0.003467111900100782,0.8251726322239861,16.983064956558703,1.0170976480853324,,8.092993464421955,0.0,
261,149,0.00559095,0.30558983,2857.619,4.616,1.0606274217292452e-09,0.576708673294577,0.016810190786781767,4.0008254072540606,7.712828573237374,1.4515469499473002,0.0,5.221493990737685,0.0,
262,150,1.48114,1.09393785,6093.3352,9.183,5.7243659032918305e-11,2.6982210338647286,0.20344220944968233,48.41924584902439,2.2170703201542166,1.577736219403899,0.0,5.945139526655846,0.0,
263,151,4.28068,1.39426768,7037.3229,20.295,6.359145053357567e-11,1.8661498358964264,1.2291920470836981,292.5477072059202,0.9019659215411308,1.1501091421089333,1.0,7.042789366063869,1.0,1.0
264,152,3.03194,1.28857171,6715.498,18.177,7.232492459276432e-11,4.330732523378884,0.16165825245665924,38.474664084684896,2.4871447414993875,2.8464170698125657,,1.3067683723994055,0.0,
265,152,3.03194,1.28857171,6715.498,18.177,2.616003587493341e-10,1.9840364258175234,0.7702315783120849,183.3151156382762,1.1394344344234117,2.4800588581754908,,1.179850234837878,0.0,
266,153,2.23746,1.2021075,6444.2078,17.538,4.4588986400362493e-11,2.3181213386106276,0.4163733748010324,99.09686320264572,1.5497388654627586,1.1963083766379419,1.0,8.161974285705176,1.0,1.0
267,154,0.32846,0.77532124,4966.8626,10.985,3.76316871110212e-10,2.717406038778574,0.044480884663913395,10.586450550011389,4.741473109909509,4.074033161427181,,2.114305821087025,0.0,
268,154,0.32846,0.77532124,4966.8626,10.985,1.6749842281614285e-08,0.6835776177464359,0.7029214885165731,167.2953142669444,1.192742213282772,6.837327368317928,,1.7737152205941804,0.0,
271,156,1.02605,1.00589167,5797.2081,20.909,5.188806288425119e-10,3.048084996118729,0.11043694348521779,26.283992549481834,3.009142889973533,5.366040929931467,,1.5941316186770524,0.0,
277,160,0.032719,0.45764229,3631.9453,5.435,1.7178628825070212e-07,0.4014170657706525,0.20305250780307618,48.326496857132135,2.2191968188917492,12.858291262571498,,3.548862306239964,0.0,
278,160,0.032719,0.45764229,3631.9453,5.435,1.1248228628347911e-10,1.1276137477016939,0.025732340976994884,6.1242971525247825,6.233907462389587,0.9242630869374964,0.0,3.4683254597795967,0.0,
279,160,0.032719,0.45764229,3631.9453,5.435,4.241350537539284e-08,0.42864042791866525,0.17807943212719388,42.38290484627214,2.3696986381465517,6.822419067613395,,3.1685172793731127,0.0,
280,161,9.52555,1.67396483,7844.2553,11.396,2.8243115360510637e-09,1.546270606723733,3.983997527243671,948.1914114839936,0.5010031655144112,6.350895683819567,,8.592542546845777,0.0,
281,162,0.31767,0.7694245,4944.3979,10.078,1.4867624651138627e-09,2.48998996111548,0.051236683521781706,12.194330678184047,4.417835031539918,7.420130942100516,,4.190607779515383,0.0,
282,162,0.31767,0.7694245,4944.3979,10.078,4.541073329486311e-09,0.48650114466997374,1.3421729138307723,319.4371534917238,0.8631688614697998,2.533706484331555,,3.3482139062046206,0.0,
283,163,1.1183,1.02588478,5865.3327,20.719,8.48777492556177e-10,1.6635439508192764,0.4041008519702661,96.17600276892333,1.5730956023200358,3.7456257818872642,,7.019603014120784,0.0,
284,164,0.364629,0.79405688,5037.7819,11.841,3.606873816146155e-11,2.1742391984229728,0.07713235013419632,18.357499331938726,3.600656715723913,1.0091738180972087,0.0,4.227784391812707,0.0,
285,164,0.364629,0.79405688,5037.7819,11.841,1.0864771646774072e-10,0.7391227354247967,0.6674489952292815,158.85286086456898,1.2240268885695036,0.5954153706572671,1.0,5.0805381242961465,1.0,1.0
286,165,0.849324,0.96335942,5650.3655,17.439,3.3456894075005465e-11,1.8904468417821187,0.2376536325532543,56.56156454767453,2.0512933473575385,0.8450851288856928,1.0,3.9337826254108488,0.0,
289,166,0.00094693,0.20364391,2245.6698,1.301,4.823852024135181e-07,0.0803435745981971,0.14669508915428003,34.91343121871865,2.6109118676922236,4.312621241408829,,4.841473175269425,0.0,
291,166,0.00094693,0.20364391,2245.6698,1.301,1.7671760233101507e-10,0.5783198409351051,0.002831272633842867,0.6738428868546024,18.793564308915226,0.5941569430915049,,4.463318641812734,0.0,
292,166,0.00094693,0.20364391,2245.6698,1.301,9.368277947247764e-08,0.14105993262542968,0.047589433128897324,11.326285084677563,4.584001321692056,3.3367735532539964,,4.7364400033641285,0.0,
293,167,0.261525,0.73597043,4815.6009,13.243,1.2046876752612032e-09,0.8928603158643705,0.3280546283357137,78.07700154389985,1.745930353298127,2.395046409572774,,2.3141470884599813,0.0,
295,167,0.261525,0.73597043,4815.6009,13.243,1.7683174469663794e-10,1.1634640664871356,0.19320006198793957,45.98161475312962,2.2750784109886766,1.1957111238906284,0.0,3.1186711317952054,0.0,
296,168,3.23685,1.30797527,6775.3736,15.658,2.90325789946714e-09,0.8948965284391561,4.041819616971899,961.9530688393119,0.4974065916908869,3.7265659416568373,,8.493796285369985,0.0,
297,168,3.23685,1.30797527,6775.3736,15.658,4.3557125192493775e-10,3.0973027999344422,0.33740789764181395,80.30307963875173,1.7215608511043388,4.995816156731804,,7.689934418085626,0.0,
298,169,10.7674,1.72151747,7975.802,15.887,1.4814802489866399e-09,0.527274102245264,38.729149973171715,9217.537693614868,0.16068710166664235,1.5684748265025146,0.0,5.6023407512792645,0.0,
300,171,0.643579,0.90417385,5441.6031,6.733,1.2076641055505064e-08,0.1669971467703913,23.07723446250425,5492.381802076012,0.2081651955258091,1.4183235341754623,0.0,9.530709109282897,0.0,
301,171,0.643579,0.90417385,5441.6031,6.733,1.8251880479622975e-08,0.15923501554323072,25.381934286284043,6040.900360135603,0.19848954779261468,1.6625915222983412,0.0,7.941265537302195,0.0,
304,173,0.215862,0.70438725,4691.8128,5.882,1.1306341469591177e-10,1.677183383692273,0.07673881603462547,18.263838216240863,3.609877402622543,1.3782715095960887,0.0,6.139786420433658,0.0,
305,173,0.215862,0.70438725,4691.8128,5.882,1.174177043940681e-08,0.2537083153459354,3.3535655022678124,798.1485895397393,0.5460678440591838,2.124685593608851,,4.618672229578042,0.0,
306,173,0.215862,0.70438725,4691.8128,5.882,1.8012646748717807e-09,0.49188973218663484,0.8921557571542098,212.33307020270195,1.0587164445270842,1.613428417933418,0.0,5.481864815462285,1.0,1.0
307,174,3.31216,1.3148679,6796.5596,19.355,3.652033126115093e-11,5.27976805802224,0.11881783082912227,28.2786437373311,2.9010765611321,2.4658995270056403,,8.094101592731175,0.0,
308,175,4.78507,1.43021961,7144.5204,25.3,1.652335441683816e-09,1.5356014510400293,2.0292299694382003,482.9567327262917,0.7019955613455808,4.824149987224903,,4.827473023407639,0.0,
309,176,1.04712,1.01057805,5813.2172,14.688,1.4117049530797755e-09,2.3083374469866293,0.19651597515429528,46.77080208672228,2.255802479164886,6.702926313852962,,1.1459875034521816,0.0,
313,178,0.0283618,0.44293456,3562.1814,5.917,2.5131902853818278e-08,0.14832022616198023,1.2892378051408264,306.8385976235167,0.8807111282942204,1.817214711874193,0.0,5.938923084487666,0.0,
314,178,0.0283618,0.44293456,3562.1814,5.917,2.4678423790688766e-09,0.3558685556956212,0.2239518006641358,53.30052855806432,2.1131129942374995,1.36628563943373,1.0,6.255048767009777,1.0,0.0
315,178,0.0283618,0.44293456,3562.1814,5.917,6.000011780908802e-08,0.15535419686967955,1.1751351311386766,279.68216121100505,0.9224781646497402,2.9409810127143667,,6.399317334855183,0.0,
318,180,2.08514,1.18289207,6382.8349,11.819,4.535532833477677e-10,1.344591191670444,1.153332939584913,274.4932396212093,0.9311564418148891,2.213082471797693,,1.1547255922927917,0.0,
320,181,0.850721,0.96372116,5651.6266,15.259,3.5125820206337457e-10,0.6941380770703105,1.7656125891055063,420.2157962071105,0.7525793397190398,1.0054310297080558,0.0,7.01910118036941,0.0,
321,182,3.12347,1.29735689,6742.671,15.832,2.948656223556015e-11,1.6588071838203247,1.135129797093065,270.16089170814945,0.9385928423464877,0.696147323224787,0.0,6.2922056578319685,0.0,
325,185,0.417805,0.81915394,5131.7207,14.37,3.3797323767415023e-10,1.517541898144813,0.18142296156264962,43.17866485191061,2.347760945445574,2.1561304128676793,,7.567509846482219,0.0,
327,187,1.19884,1.04232243,5920.9533,24.301,8.38449292318415e-11,3.5717084017086864,0.09397432917988068,22.3658903448116,3.262085823439637,2.5275955121533027,,3.307469272785183,0.0,
328,188,0.176334,0.67256423,4564.7763,13.619,1.842309318558589e-10,3.2121313374052747,0.017090291507820803,4.067489378861351,7.649362892866508,3.3695177440927475,,2.5821785315654533,0.0,
330,188,0.176334,0.67256423,4564.7763,13.619,3.316542907935301e-10,0.38661760428943276,1.1797033387577647,280.76939462434797,0.9206903595571757,0.5441487232397725,0.0,2.737793890796956,0.0,
331,189,3.62281,1.3420888,6879.7575,22.658,2.727349357185946e-11,4.346393143407904,0.19177303613948923,45.641982601198436,2.2835274048407688,1.7542543894799194,0.0,7.813614692639822,0.0,
334,191,1.04453,1.0100115,5811.2484,12.908,8.408472128648765e-10,0.31447096524443086,10.562331906934809,2513.8349938504844,0.3076947560501995,0.7047454443289145,0.0,5.598283088856392,0.0,
335,192,0.0237718,0.42541638,3477.8495,6.474,6.712434344164801e-09,0.4941395432521421,0.09735602842184174,23.170734764398333,3.204930200825803,3.1288361002137517,,7.96625946457017,0.0,
336,192,0.0237718,0.42541638,3477.8495,6.474,4.303397615618763e-09,0.736948454094246,0.043771138552415996,10.417530975475007,4.779759865875293,3.736250864848425,,7.169690458509107,0.0,
337,192,0.0237718,0.42541638,3477.8495,6.474,1.3258424797121067e-08,0.9046363826254621,0.029047848266618746,6.9133878874552614,5.867363790318519,8.050320927871867,,7.238533555591233,0.0,
338,192,0.0237718,0.42541638,3477.8495,6.474,8.44430678263409e-09,0.466889136873641,0.10905222454489838,25.954429441685814,3.0281873119397176,3.3158047527151013,,8.236768266177243,0.0,
339,193,1.39805,1.07959923,6045.7719,12.177,2.7929773339211747e-09,1.2524758134193807,0.8912181201212868,212.10991258886625,1.059273227856346,5.115595922578923,,8.64954497090601,0.0,
340,194,0.0115395,0.36063833,3152.9216,4.306,1.4050864719204708e-10,1.2128536580570377,0.007844588856705822,1.8670121478959856,11.290545016286583,1.1110998976466595,,3.7067462935615385,0.0,
342,194,0.0115395,0.36063833,3152.9216,4.306,7.541296509085703e-10,0.22353134544174091,0.23094583118460155,54.96510782193517,2.0808699396629056,0.4744108570954187,,3.73711836215541,0.0,
343,194,0.0115395,0.36063833,3152.9216,4.306,3.420802212556551e-10,1.2711101798839592,0.00714201236566896,1.6997989430292124,11.832859315962963,1.8169390460933208,,3.7866501392527603,0.0,
345,195,0.477928,0.84471699,5226.2162,9.92,1.1221302116742928e-09,1.0496695928600885,0.4337677320209356,103.23672022098268,1.5183482007204872,2.7174866748044897,,9.348197453797665,0.0,
346,195,0.477928,0.84471699,5226.2162,9.92,7.929141719478069e-11,1.4881696572481542,0.21580305293303145,51.36112659806149,2.1526390178578203,1.0241385511256498,0.0,8.069784059269473,0.0,
348,196,0.580743,0.88318825,5366.2602,16.796,1.1416428421692953e-09,1.088841030274588,0.4898408816429502,116.58212983102214,1.4288034360358277,2.8433006597666033,,1.054224245660033,0.0,
349,197,2.12139,1.18756143,6397.7823,15.084,3.878891297711068e-11,1.9510227833873623,0.5573087161685125,132.63947444810597,1.3395288829654612,0.9390945593501314,1.0,8.64017996930078,1.0,1.0
351,199,0.00551278,0.30460814,2852.1626,5.615,3.1254580750708797e-09,0.22738754602546482,0.10661966454278712,25.375480161183336,3.062536998498302,0.982464106055144,0.0,3.8422648855272654,0.0,
352,199,0.00551278,0.30460814,2852.1626,5.615,6.29363911112984e-09,0.37778986615797944,0.03862513878223216,9.192783030171254,5.088209372016193,2.316297834756933,,4.0746294178296445,0.0,
354,199,0.00551278,0.30460814,2852.1626,5.615,3.195576844361903e-10,0.3122297100541008,0.05654864589075609,13.45857772199995,4.205221683354618,0.4313621523273155,,4.187620372254858,0.0,
355,199,0.00551278,0.30460814,2852.1626,5.615,5.9442661878378056e-08,0.16250094697763506,0.20876556680739963,49.686204900161115,2.188621017767989,3.061950740976367,,4.1680736913136185,0.0,
356,200,0.158095,0.65598711,4497.6354,5.95,1.0713167469227125e-09,0.38669816667580215,1.057240785539184,251.62330695832583,0.9725524800177783,0.9781922980423162,0.0,7.717963844858846,0.0,
359,201,0.477656,0.84460767,5225.8106,8.786,1.3416160626133336e-10,1.5505264685214977,0.1986812431752891,47.286135875718806,2.2434767111561236,1.3879904817508228,0.0,1.3542571185075811,0.0,
360,201,0.477656,0.84460767,5225.8106,8.786,2.0678001382940987e-10,2.1101668945795264,0.1072708265070128,25.53045670866905,3.053227649287413,2.3451156465578418,,1.4729347405083064,0.0,
361,202,4.20016,1.38822746,7019.2145,17.064,4.835892266570894e-11,4.200512399322029,0.23804622164572223,56.65500075168189,2.049601138809904,2.257531186471851,,2.047504760132721,0.0,
362,202,4.20016,1.38822746,7019.2145,17.064,3.74867099302559e-10,1.515562607549143,1.8285972877624874,435.206154487472,0.7395047439621399,2.2678050783143173,,2.5738153042477716,0.0,
364,203,0.412409,0.81672365,5122.6754,12.793,7.107199336718369e-10,1.3943582122645006,0.2121189245691562,50.484304047459176,2.171252300980084,2.872875369916653,,6.936171038559113,0.0,
365,204,0.120667,0.61670464,4335.7166,7.715,5.874701945094477e-09,1.0641298252484912,0.10656124456611067,25.36157620673434,3.0633763694445375,6.303484849940225,,6.4677346381974345,0.0,
366,204,0.120667,0.61670464,4335.7166,7.715,8.578923964068715e-11,1.7814043146379717,0.038024500328780075,9.049831078249658,5.128238822376942,1.275181748627998,0.0,5.794598385714481,0.0,
367,204,0.120667,0.61670464,4335.7166,7.715,8.741241959017785e-10,0.6559356646615842,0.2804568328688093,66.74872622277661,1.8882825829366936,1.4987907182532396,0.0,7.469706377267863,0.0,
369,205,0.0189577,0.4039713,3372.6675,4.55,1.0802680334098565e-08,0.2632449166418328,0.2735682292286916,65.10923855642861,1.911908792087432,2.1145547529163125,,6.636000321634681,0.0,
370,205,0.0189577,0.4039713,3372.6675,4.55,3.0985742439974053e-10,0.44718250600652026,0.09480168043013219,22.562799942371463,3.247820226913706,0.6083575996564249,0.0,6.148083546058427,0.0,
371,205,0.0189577,0.4039713,3372.6675,4.55,2.5950433507450277e-10,1.1253585414596128,0.014969380347913326,3.5627125228033716,8.173312203383341,1.4010589190318836,0.0,5.4733763182920985,0.0,
372,205,0.0189577,0.4039713,3372.6675,4.55,2.2541909175052795e-09,0.8067295544132381,0.029129277396313814,6.932768020322688,5.859157121039509,2.960168918835305,,6.264974372939289,0.0,
373,206,0.0170948,0.39453307,3325.651,4.55,2.9944827995216434e-09,0.4519301260079996,0.0836992253898594,19.920415642786537,3.4565216435035144,1.911284699189896,0.0,6.5977828632125926,0.0,
375,206,0.0170948,0.39453307,3325.651,4.55,7.092076348428254e-11,1.1369934466612157,0.013223551199524881,3.147205185486922,8.696128517966038,0.7400104312537569,0.0,7.258466102610524,0.0,
376,206,0.0170948,0.39453307,3325.651,4.55,3.4999525394987242e-09,0.24959194080081162,0.2744118792462493,65.31002726060734,1.9089675500118846,1.1411817419421444,1.0,7.125694960996828,1.0,0.0
379,208,0.277219,0.74583926,4853.8404,10.087,9.154304609333264e-10,0.30564143753116196,2.967553281299807,706.2776809493541,0.5804980127785376,0.7146906366648116,0.0,2.430816145493248,0.0,
382,209,4.65782,1.42143435,7118.4369,21.231,1.0856728472218248e-10,0.748950104917242,8.30380093608073,1976.3046227872137,0.3470256171771656,0.603108644023419,0.0,3.1875487263332847,0.0,
384,211,2.08613,1.18302248,6383.2406,22.734,8.426300338358072e-11,5.723979343083365,0.06367152517552718,15.153822991775469,3.9630301237515524,4.060782268462099,,11.136035239301588,0.0,
386,213,1.97535,1.16835609,6336.1547,15.605,2.1160815816812137e-10,1.819191177000723,0.5968804778167247,142.05755372038047,1.294363663887402,2.0452091336293483,,3.9621928042552277,0.0,
387,213,1.97535,1.16835609,6336.1547,15.605,2.5853224829637446e-10,0.9068171144896849,2.402174987842324,571.7176471064731,0.6452049337232488,1.1268607405821205,0.0,4.205317876388996,0.0,
388,214,0.0411049,0.48214309,3746.1727,7.728,3.547714272730653e-11,2.3157131684633665,0.007665210139076499,1.8243200131002069,11.421889841875625,1.0659878675986816,,4.122090924476546,0.0,
390,214,0.0411049,0.48214309,3746.1727,7.728,1.692212780640574e-09,0.538689060006148,0.1416502301545154,33.71275477677466,2.656998796831382,1.712611358677797,0.0,4.603366180716424,0.0,
391,214,0.0411049,0.48214309,3746.1727,7.728,3.3673601089479966e-10,3.0014850802815443,0.004562692683060214,1.085920858568331,14.804351599277679,4.256710838745296,,3.733795945458894,0.0,
394,216,1.09454,1.02086586,5848.2501,17.204,6.745208175237049e-09,0.4736582715944467,4.878669358647845,1161.123307358187,0.45274045933651164,3.00646383257166,,1.53561101515613,0.0,
398,218,0.357682,0.79057354,5024.6464,11.095,6.740531229916611e-09,1.2596713926841732,0.22541486492367613,53.648737851834916,2.1062442080619497,7.99277353811029,,5.969149953228477,0.0,
399,219,1.77592,1.14027762,6245.2944,17.753,3.5731962188607615e-09,1.6883584293209872,0.6230086797892921,148.27606578985151,1.2669309664511674,7.799850206137874,,5.934499249661799,0.0,
400,220,4.36286,1.40033813,7055.5152,22.848,2.3140464075540916e-10,0.7384632723352595,8.000432699757242,1904.1029825422236,0.3535438295769778,0.8681766709078312,0.0,0.1491834649855347,0.0,
401,221,0.0123424,0.36622489,3181.84,3.522,4.854698923005228e-10,1.5887147733206504,0.004889987501883056,1.1638170254481675,14.300332170113979,2.7053300936572375,,7.0930495199147785,0.0,
402,221,0.0123424,0.36622489,3181.84,3.522,6.129237152241534e-09,0.14587884838054815,0.5799826003902123,138.03585889287052,1.3130840245636033,0.8826503907995971,1.0,8.473058846121646,1.0,1.0
403,221,0.0123424,0.36622489,3181.84,3.522,1.732238694497741e-09,0.36931966320086806,0.09048878470147577,21.536330758951234,3.32431846761778,1.1879535989493872,0.0,7.854038669041742,0.0,
404,221,0.0123424,0.36622489,3181.84,3.522,9.718832151275838e-09,0.6110285775196169,0.03305799976560173,7.867803944213212,5.4999876445406395,4.655450810887393,,6.9866125743971415,0.0,
405,221,0.0123424,0.36622489,3181.84,3.522,8.309687340042483e-10,0.6622904676029815,0.028138607956306884,6.696988693601038,5.961405935709279,1.4754823708502876,0.0,9.326644873365263,0.0,
406,222,0.00887472,0.33963088,3042.548,3.523,4.567118233328659e-08,0.20404701730251992,0.21315432950367905,50.73073042187561,2.1659724127168514,3.370113730059235,,9.224097717239056,0.0,
408,222,0.00887472,0.33963088,3042.548,3.523,7.015533237299379e-10,0.8911857142057044,0.011174245988129628,2.6594705451748513,9.459994549761454,1.824281014146385,0.0,8.803305342206603,0.0,
409,222,0.00887472,0.33963088,3042.548,3.523,1.562179428165333e-09,0.28961007239884723,0.10581015131234685,25.18281601233855,3.074229829739767,0.8846516632313869,0.0,10.516181191409377,0.0,
410,222,0.00887472,0.33963088,3042.548,3.523,7.169334440814677e-10,0.8893649040724985,0.01122004722843769,2.67037124036817,9.440666531300533,1.8404015334850703,0.0,8.207757807937583,0.0,
411,223,0.00245817,0.25326131,2556.0593,2.975,1.627518105235527e-08,0.10212128807782939,0.23571072632828283,56.09915286613131,2.059730153637291,1.0068676262829999,1.0,6.614979557747527,1.0,0.0
412,223,0.00245817,0.25326131,2556.0593,2.975,1.6244858022982698e-09,0.5812707388758028,0.00727536844062084,1.73153768886776,11.72391076165289,1.8106295343002354,,5.377447214118536,0.0,
413,223,0.00245817,0.25326131,2556.0593,2.975,3.647037764078154e-10,0.6193664566127959,0.006407912185470086,1.5250831001418805,12.492280413311983,0.9141363747192425,,6.339709967000965,0.0,
415,223,0.00245817,0.25326131,2556.0593,2.975,6.490165381331003e-09,0.33717467637941445,0.021622306311560778,5.146108902151465,6.800627577790504,2.0993072715614796,,5.798815578809153,0.0,
418,225,0.0235895,0.42466834,3474.2184,5.912,2.378866889352135e-10,2.5671863285266574,0.0035793482367246932,0.8518848803404769,16.714678341144058,3.06010015594128,,10.093280336697688,0.0,
419,225,0.0235895,0.42466834,3474.2184,5.912,9.885556456267294e-10,0.3256888325619535,0.2223888458006005,52.92854530054292,2.120525501045356,0.7914010219605989,0.0,11.203508357290385,0.0,
420,225,0.0235895,0.42466834,3474.2184,5.912,4.178549876868514e-10,1.8787021979877772,0.00668348301631257,1.5906689578823916,12.232031072005594,2.9680001438722585,,8.710194216021476,0.0,
421,225,0.0235895,0.42466834,3474.2184,5.912,6.277932751615076e-09,0.275399238577651,0.3110235437624288,74.02360341545806,1.7930952798674615,1.686414174298391,1.0,10.852295987103687,1.0,0.0
422,225,0.0235895,0.42466834,3474.2184,5.912,4.6414823459267036e-10,1.2386734632708798,0.015374644003358032,3.659165272799212,8.064871754036643,2.0624259478961195,,8.966076386479179,0.0,
424,227,0.674194,0.91382944,5476.0325,15.61,6.871720894254416e-11,1.864440920006214,0.19394903853803191,46.159871172051595,2.2706813058278286,1.1944681139824722,0.0,1.4809961069932305,0.0,
425,227,0.674194,0.91382944,5476.0325,15.61,8.407070251864789e-10,1.276283921326994,0.4138951021321775,98.50703430745824,1.5543716134894647,2.8599788089704226,,1.4626348552064157,0.0,
426,228,1.8198,1.14666007,6266.0079,14.959,8.000386851946976e-10,1.0399724098830658,1.6825966703403008,400.4580075409916,0.7709211976435377,2.2733719149165954,,5.822806346704095,0.0,
427,229,8.80199,1.64400637,7760.6096,15.525,2.972529891061832e-09,1.2818402695707112,5.3568939503926964,1274.9407601934618,0.4320594173109575,5.401199331212943,,5.449019664708993,0.0,
432,233,1.58784,1.11147204,6151.1282,21.152,5.768641827042659e-11,2.685515766922354,0.22016654399308982,52.39963747035538,2.131200637383635,1.5763682271686272,0.0,9.380677597591612,0.0,
437,237,0.776157,0.94372564,5581.7051,14.107,5.6444302820895245e-11,1.50503002393536,0.3426567181830721,81.55229892757116,1.7083245199649224,0.8738731572321118,0.0,8.476838273386466,0.0,
440,239,1.23194,1.04883347,5942.8735,16.014,1.5367078109288967e-10,2.9880389438115595,0.1379802888353966,32.839308742824386,2.692101779697724,2.8626950152387813,,9.864456988409755,0.0,
444,242,4.10624,1.38107382,6997.6949,23.94,2.589064673305869e-10,4.825258390079244,0.17636125480903622,41.97397864455062,2.3812139049153846,6.000469091086405,,6.485516277789799,0.0,
445,243,1.3314,1.06761393,6005.8211,6.096,7.950953656274841e-10,2.5057894260798466,0.21204078729803558,50.465707376932464,2.1716523186020975,5.4606879840826235,,3.930236386693474,0.0,
446,243,1.3314,1.06761393,6005.8211,6.096,4.611761699480382e-10,1.3807722045149835,0.6983360799969677,166.2039870392783,1.196651693150191,2.2916518718147323,,3.783462839792275,0.0,
447,244,0.277852,0.74622834,4855.3426,6.016,8.00710430872577e-09,0.5603749300685671,0.8848224473612396,210.58774247197502,1.0630946536451213,3.8753382928082356,,0.5122734012528599,0.0,
449,244,0.277852,0.74622834,4855.3426,6.016,1.0192997598691266e-08,0.7015963600916203,0.5644674101743482,134.34324362149488,1.3310076868339122,5.4743362195762515,,0.5004676095350257,0.0,
450,245,0.0650504,0.53547994,3986.9727,6.161,2.1969189096462804e-09,1.7437264024571104,0.02139406369991596,5.091787160579998,6.8368075916586974,6.3165296036256695,,2.8240937180865497,0.0,
451,245,0.0650504,0.53547994,3986.9727,6.161,1.4713169406434307e-10,0.762762309440696,0.11180765049993305,26.610220818984065,2.9906406994049854,0.7150485358040762,0.0,3.215952377175653,0.0,
452,245,0.0650504,0.53547994,3986.9727,6.161,1.5523494271765698e-09,0.558372634797946,0.20864199162193012,49.65679400601937,2.189269063760112,1.7002471192778619,0.0,3.1468103700019983,0.0,
453,246,0.409736,0.81551078,5118.1563,8.799,2.2146421155207886e-08,0.9482153722797764,0.4557116591228629,108.45937487124137,1.4813406139096597,10.905659854100186,,9.498208477121848,0.0,
454,246,0.409736,0.81551078,5118.1563,8.799,3.927315147396242e-09,0.5691831211478231,1.2647366321517524,301.00731845211703,0.88920101778244,2.756722608985252,,8.14507886166529,0.0,
455,247,1.15286,1.03304859,5889.6046,17.465,4.0282553319382644e-11,2.8757681120058156,0.13940194830640917,33.177663696925386,2.6783392033593105,1.410605386799935,0.0,0.04450131727571952,0.0,
458,250,0.571705,0.88002784,5354.8482,14.677,6.865470994034816e-11,4.105824662136602,0.033913389075441336,8.071386599955037,5.43018222490294,2.629231012782793,,5.483095563100134,0.0,
459,250,0.571705,0.88002784,5354.8482,14.677,6.683353760485457e-11,0.8170912494649765,0.8563097155147427,203.80171229250877,1.0806487719472009,0.5162510681883306,0.0,4.7914543647573336,0.0,
462,252,7.10778,1.56560603,7538.668,23.775,4.044472432019348e-11,2.947540136336373,0.8181153136714037,194.71144465379408,1.1055865305538146,1.448717966982765,0.0,3.4147205649687384,0.0,
464,254,3.74894,1.35263285,6911.7739,14.245,2.7233872286839852e-11,5.263603158000784,0.13531383792470703,32.20469342608027,2.7184972243602634,2.122907229529461,,7.612411165031093,0.0,
465,254,3.74894,1.35263285,6911.7739,14.245,5.879313361742695e-11,3.0020335788698844,0.41598473922927415,99.00436793656725,1.5504626216338464,1.7789839454441665,0.0,7.354485914332832,0.0,
466,255,0.0612807,0.52822261,3954.8025,7.041,7.689029087929985e-10,0.42531851474232396,0.3387623526591394,80.62543993287518,1.7181157927335904,0.9114717641572198,1.0,4.409692267967915,1.0,0.0
468,255,0.0612807,0.52822261,3954.8025,7.041,5.60785483999908e-10,1.6994811359306576,0.021217344154832604,5.049727908850159,6.865220482734657,3.110340310674672,,5.654220892387805,0.0,
469,255,0.0612807,0.52822261,3954.8025,7.041,8.735465251705216e-11,0.954896113637757,0.06720652897952124,15.995153897126055,3.8573963662384134,0.6897509781054084,0.0,5.05424124307346,0.0,
470,256,0.129862,0.62714379,4379.145,3.497,4.377289510866209e-11,1.0384608271560747,0.12042089473393622,28.66017294667682,2.8817020478840445,0.5309895002067684,0.0,2.316672572062609,0.0,
473,257,0.0889313,0.57515404,4159.8143,3.495,5.97433372263911e-08,0.14903421698600453,4.003894822338082,952.9269677164635,0.49975675122897795,2.815294995489947,,4.603476654994498,0.0,
474,257,0.0889313,0.57515404,4159.8143,3.495,1.059350997325194e-07,0.4137919501227651,0.519386390405795,123.61396091657922,1.387569410972757,10.408668005975462,,4.663391694343169,0.0,
475,258,0.0774139,0.55720588,4082.2468,3.971,1.839203209443372e-08,0.3043740905190315,0.8356099167156328,198.8751601783206,1.0939518506145274,3.190183892315657,,1.2906808939686896,0.0,
478,259,1.49187,1.09574446,6099.3067,9.272,1.3174355319760603e-09,1.5756246664563298,0.6009321488416175,143.02185142430497,1.2899927832282292,4.4198816066784,,1.7169592627466417,0.0,
480,260,0.0356183,0.46660971,3674.0392,4.965,5.378297929951757e-10,2.2749010124272577,0.00688253105267633,1.6380423905369665,12.053853538793298,4.0773511091443275,,4.108050768649345,0.0,
481,260,0.0356183,0.46660971,3674.0392,4.965,5.965527421793864e-10,0.38293193576402657,0.24290139734124264,57.810532567215745,2.0290137653511526,0.7228350269096793,0.0,4.953110143380932,0.0,
486,262,10.8565,1.72476432,7984.7247,13.628,4.179765022939179e-11,1.5117817844658492,4.750196991847099,1130.5468840596097,0.45882195371511625,0.7553673707100419,0.0,9.247314048251754,0.0,
487,263,1.25087,1.05249199,5955.1953,15.561,8.956947118990626e-10,3.6269784436422654,0.09508723698033304,22.630762401319263,3.242939794413927,8.389153838776636,,3.3534925685542407,0.0,
494,269,1.42442,1.0842194,6061.1258,22.376,4.0482675349252034e-09,1.6666485576463985,0.5128023435570996,122.04695776658971,1.39644874272994,8.195431272303374,,11.340129667884566,0.0,
496,270,2.81108,1.26648625,6646.9196,20.454,5.597369759489545e-10,0.9664089460135507,3.0098948383653585,716.3549715309554,0.5764004867651719,1.7670389358095664,0.0,1.6854492000795194,0.0,
498,272,0.056963,0.51947454,3915.7815,8.899,2.3546447285419126e-11,2.3786323672999323,0.01006788404877434,2.396156403608293,9.966229812955113,0.8920376768803071,0.0,0.9037864018526446,0.0,
499,272,0.056963,0.51947454,3915.7815,8.899,1.9067600560486947e-09,1.0563130735731452,0.051051386770731656,12.150230051434134,4.425845284199596,3.564789226378181,,0.8606477664467164,0.0,
500,272,0.056963,0.51947454,3915.7815,8.899,6.011307134995362e-09,0.6210294455851946,0.1476959099868942,35.151626576880815,2.602050766819365,3.7212584195917833,,0.9496212624352002,0.0,
501,273,4.50934,1.41094748,7087.2082,16.026,1.7607967485221154e-09,1.6044260946150612,1.7517557364583374,416.9178652770843,0.7555500276833903,5.203163937486959,,8.848941948487097,0.0,
503,274,0.0124362,0.36685927,3185.1108,4.676,1.0883901580104226e-06,0.11328213546608701,0.9690916315272802,230.64380830349268,1.0158219160261877,9.133703496277555,,5.427819497896419,0.0,
504,274,0.0124362,0.36685927,3185.1108,4.676,9.599000651210615e-09,0.8811916698606724,0.01601573712172546,3.81174543497066,7.901809113866484,6.672315481943206,,4.44381355288082,0.0,
505,274,0.0124362,0.36685927,3185.1108,4.676,1.7631987695416966e-10,0.7837078108298206,0.0202478701681778,4.818993100026316,7.027653272304052,0.8042628179384731,0.0,5.434311506204269,0.0,
506,274,0.0124362,0.36685927,3185.1108,4.676,8.864255968173668e-10,0.9363228376415577,0.01418523272206271,3.376085387850925,8.396180519009228,2.154467461833497,,4.722912584817074,0.0,
508,275,0.194743,0.68800438,4626.7095,7.608,1.3769185593844386e-10,2.439247102954105,0.03273032067119077,7.789816319743403,5.527450599704548,2.2120915852842358,,6.6448325646148465,0.0,
510,276,0.0608652,0.52740136,3951.1545,6.868,5.228496516822982e-10,1.1003608217793155,0.05026883442707553,11.963982593643976,4.460161579216398,1.944539231082952,0.0,0.7773921224389283,0.0,
511,276,0.0608652,0.52740136,3951.1545,6.868,4.3034385097935555e-10,1.6173317147261916,0.02326863181661591,5.537934372354587,6.555632145467882,2.5929854673962405,,0.6008972169388326,0.0,
512,277,1.4142,1.08243937,6055.1971,15.468,2.588709841171191e-10,3.8701182687336817,0.09441964404765123,22.471875283340992,3.254384183670464,4.812371025847856,,7.429336979004469,0.0,
514,278,0.0403402,0.48007787,3736.6381,3.287,3.07556958336686e-08,0.12603620424162731,2.5394953177649096,604.3998856280484,0.6275181502160363,1.708249384289531,0.0,2.534521156937488,0.0,
515,278,0.0403402,0.48007787,3736.6381,3.287,3.633262855442035e-11,0.8993487079663577,0.049874874616469264,11.870220158719684,4.477742256822382,0.4189572434787558,,2.090323152026424,0.0,
516,278,0.0403402,0.48007787,3736.6381,3.287,1.0998678029581164e-10,1.0683031663703122,0.035346711550647246,8.412517349054044,5.318944908444167,0.8658804596485563,0.0,2.3291956516867285,0.0,
517,279,2.74066,1.25915845,6624.086,27.647,1.5732590808169207e-09,1.240964796191937,1.7796567172867581,423.55829871424845,0.749603975089768,3.8041073508596543,,9.181961257517148,0.0,
518,280,2.12931,1.1885729,6401.0199,20.55,4.653995699308734e-10,3.4501070034838266,0.178884933661431,42.574614211420574,2.3643573567935325,5.752262976596409,,1.9862093300438546,0.0,
520,282,0.564114,0.87734323,5345.1429,16.877,8.581875550901282e-10,3.6870404426083994,0.04149646249006694,9.876158072635933,4.909016166419295,8.347610688947867,,0.34481889830180606,0.0,
521,282,0.564114,0.87734323,5345.1429,16.877,3.572834586179016e-08,1.0082047942384356,0.5549698139186802,132.08281571264587,1.3423486156491782,14.72815656341943,,0.33515448952190635,0.0,
524,284,3.38693,1.32159483,6817.1799,13.433,1.759696445168532e-09,4.292421563363352,0.18382369225873052,43.75003875757786,2.3323797248253344,13.91600016516633,,6.050633733810413,0.0,
526,285,0.0263418,0.43551618,3526.6437,5.905,3.557215505061009e-10,2.4819429691027124,0.004276237839909077,1.0177446058983604,15.292168470157877,3.617762603578864,,0.6381395061222699,0.0,
527,285,0.0263418,0.43551618,3526.6437,5.905,6.601908206552879e-11,2.0210625323610323,0.006448904507800124,1.5348392728564295,12.452513663020346,1.2691345602246646,,0.6589437895997075,0.0,
528,285,0.0263418,0.43551618,3526.6437,5.905,7.780171397115246e-11,0.9784762643654089,0.027513437737316047,6.548198181481219,6.028754111193818,0.6670187718103044,0.0,0.6558222688443067,0.0,
529,285,0.0263418,0.43551618,3526.6437,5.905,1.854488301813848e-10,1.067173320990117,0.02312999447835456,5.504938685848385,6.575249477766457,1.1231562741564742,1.0,0.6698954592905255,0.0,
530,286,0.388396,0.80560062,5081.14,10.908,1.365368391414437e-09,0.6730066387186722,0.8575037976203231,204.0859038336369,1.0798961030404468,1.9219294850763402,0.0,8.612795434092813,0.0,
